#category	term ID	term description	observed gene count	background gene count	strength	signal	false discovery rate	matching proteins in your network (IDs)	matching proteins in your network (labels)
GO Process	GO:0002376	Immune system process	12	2121	0.93	1.04	4.60e-07	9606.ENSP00000177694,9606.ENSP00000266557,9606.ENSP00000271450,9606.ENSP00000324890,9606.ENSP00000327513,9606.ENSP00000332049,9606.ENSP00000351497,9606.ENSP00000354566,9606.ENSP00000358165,9606.ENSP00000358490,9606.ENSP00000398568,9606.ENSP00000498227	TBX21,CD27,FCGR2A,CD28,CSF1,CD86,FCGR2B,CD3E,FCGR1A,CD2,PRF1,SELL
GO Process	GO:0002250	Adaptive immune response	7	359	1.47	1.87	3.33e-06	9606.ENSP00000177694,9606.ENSP00000266557,9606.ENSP00000332049,9606.ENSP00000351497,9606.ENSP00000354566,9606.ENSP00000358165,9606.ENSP00000398568	TBX21,CD27,CD86,FCGR2B,CD3E,FCGR1A,PRF1
GO Process	GO:0002682	Regulation of immune system process	10	1438	1.02	1.14	3.33e-06	9606.ENSP00000177694,9606.ENSP00000266557,9606.ENSP00000271450,9606.ENSP00000324890,9606.ENSP00000327513,9606.ENSP00000332049,9606.ENSP00000351497,9606.ENSP00000354566,9606.ENSP00000358165,9606.ENSP00000358490	TBX21,CD27,FCGR2A,CD28,CSF1,CD86,FCGR2B,CD3E,FCGR1A,CD2
GO Process	GO:0002684	Positive regulation of immune system process	9	874	1.19	1.41	3.33e-06	9606.ENSP00000177694,9606.ENSP00000266557,9606.ENSP00000324890,9606.ENSP00000327513,9606.ENSP00000332049,9606.ENSP00000351497,9606.ENSP00000354566,9606.ENSP00000358165,9606.ENSP00000358490	TBX21,CD27,CD28,CSF1,CD86,FCGR2B,CD3E,FCGR1A,CD2
GO Process	GO:0006955	Immune response	10	1321	1.06	1.19	3.33e-06	9606.ENSP00000177694,9606.ENSP00000266557,9606.ENSP00000324890,9606.ENSP00000327513,9606.ENSP00000332049,9606.ENSP00000351497,9606.ENSP00000354566,9606.ENSP00000358165,9606.ENSP00000358490,9606.ENSP00000398568	TBX21,CD27,CD28,CSF1,CD86,FCGR2B,CD3E,FCGR1A,CD2,PRF1
GO Process	GO:0045321	Leukocyte activation	8	574	1.32	1.63	3.33e-06	9606.ENSP00000177694,9606.ENSP00000324890,9606.ENSP00000327513,9606.ENSP00000332049,9606.ENSP00000351497,9606.ENSP00000354566,9606.ENSP00000358490,9606.ENSP00000398568	TBX21,CD28,CSF1,CD86,FCGR2B,CD3E,CD2,PRF1
GO Process	GO:0050863	Regulation of T cell activation	7	376	1.45	1.83	3.33e-06	9606.ENSP00000177694,9606.ENSP00000266557,9606.ENSP00000324890,9606.ENSP00000332049,9606.ENSP00000351497,9606.ENSP00000354566,9606.ENSP00000358490	TBX21,CD27,CD28,CD86,FCGR2B,CD3E,CD2
GO Process	GO:1902105	Regulation of leukocyte differentiation	7	315	1.53	1.95	3.33e-06	9606.ENSP00000177694,9606.ENSP00000266557,9606.ENSP00000324890,9606.ENSP00000327513,9606.ENSP00000332049,9606.ENSP00000351497,9606.ENSP00000358490	TBX21,CD27,CD28,CSF1,CD86,FCGR2B,CD2
GO Process	GO:0046649	Lymphocyte activation	7	457	1.37	1.63	8.29e-06	9606.ENSP00000177694,9606.ENSP00000324890,9606.ENSP00000332049,9606.ENSP00000351497,9606.ENSP00000354566,9606.ENSP00000358490,9606.ENSP00000398568	TBX21,CD28,CD86,FCGR2B,CD3E,CD2,PRF1
GO Process	GO:0002449	Lymphocyte mediated immunity	5	159	1.68	1.79	5.12e-05	9606.ENSP00000266557,9606.ENSP00000351497,9606.ENSP00000358165,9606.ENSP00000358490,9606.ENSP00000398568	CD27,FCGR2B,FCGR1A,CD2,PRF1
GO Process	GO:0002460	Adaptive immune response based on somatic recombination of immune receptors built from immunoglobulin superfamily domains	5	169	1.65	1.73	6.43e-05	9606.ENSP00000177694,9606.ENSP00000266557,9606.ENSP00000351497,9606.ENSP00000358165,9606.ENSP00000398568	TBX21,CD27,FCGR2B,FCGR1A,PRF1
GO Process	GO:0002252	Immune effector process	6	375	1.38	1.46	6.74e-05	9606.ENSP00000177694,9606.ENSP00000266557,9606.ENSP00000351497,9606.ENSP00000358165,9606.ENSP00000358490,9606.ENSP00000398568	TBX21,CD27,FCGR2B,FCGR1A,CD2,PRF1
GO Process	GO:0045580	Regulation of T cell differentiation	5	178	1.63	1.71	6.74e-05	9606.ENSP00000177694,9606.ENSP00000266557,9606.ENSP00000324890,9606.ENSP00000332049,9606.ENSP00000358490	TBX21,CD27,CD28,CD86,CD2
GO Process	GO:1903037	Regulation of leukocyte cell-cell adhesion	6	368	1.39	1.47	6.74e-05	9606.ENSP00000177694,9606.ENSP00000266557,9606.ENSP00000324890,9606.ENSP00000332049,9606.ENSP00000351497,9606.ENSP00000354566	TBX21,CD27,CD28,CD86,FCGR2B,CD3E
GO Process	GO:0002696	Positive regulation of leukocyte activation	6	384	1.37	1.44	6.91e-05	9606.ENSP00000177694,9606.ENSP00000266557,9606.ENSP00000324890,9606.ENSP00000332049,9606.ENSP00000354566,9606.ENSP00000358490	TBX21,CD27,CD28,CD86,CD3E,CD2
GO Process	GO:0002889	Regulation of immunoglobulin mediated immune response	4	64	1.98	1.95	6.91e-05	9606.ENSP00000177694,9606.ENSP00000324890,9606.ENSP00000351497,9606.ENSP00000358165	TBX21,CD28,FCGR2B,FCGR1A
GO Process	GO:0032663	Regulation of interleukin-2 production	4	64	1.98	1.95	6.91e-05	9606.ENSP00000177694,9606.ENSP00000324890,9606.ENSP00000332049,9606.ENSP00000354566	TBX21,CD28,CD86,CD3E
GO Process	GO:0002637	Regulation of immunoglobulin production	4	76	1.9	1.82	0.00011	9606.ENSP00000177694,9606.ENSP00000324890,9606.ENSP00000332049,9606.ENSP00000351497	TBX21,CD28,CD86,FCGR2B
GO Process	GO:2000514	Regulation of CD4-positive, alpha-beta T cell activation	4	77	1.9	1.82	0.00011	9606.ENSP00000177694,9606.ENSP00000324890,9606.ENSP00000332049,9606.ENSP00000354566	TBX21,CD28,CD86,CD3E
GO Process	GO:0030155	Regulation of cell adhesion	7	784	1.13	1.11	0.00012	9606.ENSP00000177694,9606.ENSP00000266557,9606.ENSP00000324890,9606.ENSP00000327513,9606.ENSP00000332049,9606.ENSP00000351497,9606.ENSP00000354566	TBX21,CD27,CD28,CSF1,CD86,FCGR2B,CD3E
GO Process	GO:0032944	Regulation of mononuclear cell proliferation	5	246	1.49	1.45	0.00019	9606.ENSP00000324890,9606.ENSP00000327513,9606.ENSP00000332049,9606.ENSP00000351497,9606.ENSP00000354566	CD28,CSF1,CD86,FCGR2B,CD3E
GO Process	GO:0050776	Regulation of immune response	7	844	1.1	1.04	0.00019	9606.ENSP00000177694,9606.ENSP00000271450,9606.ENSP00000324890,9606.ENSP00000332049,9606.ENSP00000351497,9606.ENSP00000354566,9606.ENSP00000358165	TBX21,FCGR2A,CD28,CD86,FCGR2B,CD3E,FCGR1A
GO Process	GO:0050778	Positive regulation of immune response	6	502	1.26	1.22	0.00020	9606.ENSP00000177694,9606.ENSP00000324890,9606.ENSP00000332049,9606.ENSP00000351497,9606.ENSP00000354566,9606.ENSP00000358165	TBX21,CD28,CD86,FCGR2B,CD3E,FCGR1A
GO Process	GO:0007166	Cell surface receptor signaling pathway	9	2040	0.83	0.72	0.00030	9606.ENSP00000266557,9606.ENSP00000271450,9606.ENSP00000324890,9606.ENSP00000327513,9606.ENSP00000332049,9606.ENSP00000351497,9606.ENSP00000354566,9606.ENSP00000358165,9606.ENSP00000358490	CD27,FCGR2A,CD28,CSF1,CD86,FCGR2B,CD3E,FCGR1A,CD2
GO Process	GO:0032753	Positive regulation of interleukin-4 production	3	27	2.23	1.71	0.00038	9606.ENSP00000324890,9606.ENSP00000332049,9606.ENSP00000354566	CD28,CD86,CD3E
GO Process	GO:1903131	Mononuclear cell differentiation	5	321	1.37	1.22	0.00057	9606.ENSP00000177694,9606.ENSP00000324890,9606.ENSP00000327513,9606.ENSP00000351497,9606.ENSP00000354566	TBX21,CD28,CSF1,FCGR2B,CD3E
GO Process	GO:0051251	Positive regulation of lymphocyte activation	5	336	1.35	1.18	0.00069	9606.ENSP00000177694,9606.ENSP00000266557,9606.ENSP00000324890,9606.ENSP00000332049,9606.ENSP00000354566	TBX21,CD27,CD28,CD86,CD3E
GO Process	GO:0050864	Regulation of B cell activation	4	140	1.64	1.37	0.00071	9606.ENSP00000177694,9606.ENSP00000266557,9606.ENSP00000324890,9606.ENSP00000351497	TBX21,CD27,CD28,FCGR2B
GO Process	GO:0032743	Positive regulation of interleukin-2 production	3	36	2.1	1.54	0.00075	9606.ENSP00000324890,9606.ENSP00000332049,9606.ENSP00000354566	CD28,CD86,CD3E
GO Process	GO:0032946	Positive regulation of mononuclear cell proliferation	4	150	1.61	1.32	0.00088	9606.ENSP00000324890,9606.ENSP00000327513,9606.ENSP00000332049,9606.ENSP00000354566	CD28,CSF1,CD86,CD3E
GO Process	GO:2000516	Positive regulation of CD4-positive, alpha-beta T cell activation	3	41	2.04	1.47	0.0010	9606.ENSP00000324890,9606.ENSP00000332049,9606.ENSP00000354566	CD28,CD86,CD3E
GO Process	GO:0001817	Regulation of cytokine production	6	739	1.09	0.91	0.0011	9606.ENSP00000177694,9606.ENSP00000324890,9606.ENSP00000332049,9606.ENSP00000351497,9606.ENSP00000354566,9606.ENSP00000358490	TBX21,CD28,CD86,FCGR2B,CD3E,CD2
GO Process	GO:0002697	Regulation of immune effector process	5	383	1.3	1.08	0.0011	9606.ENSP00000177694,9606.ENSP00000324890,9606.ENSP00000332049,9606.ENSP00000351497,9606.ENSP00000358165	TBX21,CD28,CD86,FCGR2B,FCGR1A
GO Process	GO:0002861	Regulation of inflammatory response to antigenic stimulus	3	42	2.03	1.45	0.0011	9606.ENSP00000324890,9606.ENSP00000351497,9606.ENSP00000358165	CD28,FCGR2B,FCGR1A
GO Process	GO:0002891	Positive regulation of immunoglobulin mediated immune response	3	42	2.03	1.45	0.0011	9606.ENSP00000177694,9606.ENSP00000324890,9606.ENSP00000358165	TBX21,CD28,FCGR1A
GO Process	GO:0031295	T cell costimulation	3	42	2.03	1.45	0.0011	9606.ENSP00000324890,9606.ENSP00000332049,9606.ENSP00000354566	CD28,CD86,CD3E
GO Process	GO:0045058	T cell selection	3	43	2.02	1.44	0.0011	9606.ENSP00000177694,9606.ENSP00000324890,9606.ENSP00000354566	TBX21,CD28,CD3E
GO Process	GO:0001796	Regulation of type IIa hypersensitivity	2	4	2.88	1.46	0.0016	9606.ENSP00000351497,9606.ENSP00000358165	FCGR2B,FCGR1A
GO Process	GO:0002639	Positive regulation of immunoglobulin production	3	53	1.93	1.35	0.0016	9606.ENSP00000177694,9606.ENSP00000324890,9606.ENSP00000332049	TBX21,CD28,CD86
GO Process	GO:0001909	Leukocyte mediated cytotoxicity	3	56	1.91	1.32	0.0018	9606.ENSP00000358165,9606.ENSP00000358490,9606.ENSP00000398568	FCGR1A,CD2,PRF1
GO Process	GO:0051707	Response to other organism	7	1328	0.9	0.71	0.0019	9606.ENSP00000177694,9606.ENSP00000327513,9606.ENSP00000332049,9606.ENSP00000351497,9606.ENSP00000358165,9606.ENSP00000358490,9606.ENSP00000398568	TBX21,CSF1,CD86,FCGR2B,FCGR1A,CD2,PRF1
GO Process	GO:0001819	Positive regulation of cytokine production	5	482	1.2	0.93	0.0023	9606.ENSP00000177694,9606.ENSP00000324890,9606.ENSP00000332049,9606.ENSP00000354566,9606.ENSP00000358490	TBX21,CD28,CD86,CD3E,CD2
GO Process	GO:0035710	CD4-positive, alpha-beta T cell activation	3	64	1.85	1.25	0.0024	9606.ENSP00000177694,9606.ENSP00000324890,9606.ENSP00000354566	TBX21,CD28,CD3E
GO Process	GO:0045785	Positive regulation of cell adhesion	5	485	1.19	0.92	0.0024	9606.ENSP00000266557,9606.ENSP00000324890,9606.ENSP00000327513,9606.ENSP00000332049,9606.ENSP00000354566	CD27,CD28,CSF1,CD86,CD3E
GO Process	GO:0002768	Immune response-regulating cell surface receptor signaling pathway	4	228	1.42	1.05	0.0028	9606.ENSP00000324890,9606.ENSP00000351497,9606.ENSP00000354566,9606.ENSP00000358165	CD28,FCGR2B,CD3E,FCGR1A
GO Process	GO:0048584	Positive regulation of response to stimulus	8	2131	0.76	0.57	0.0032	9606.ENSP00000177694,9606.ENSP00000266557,9606.ENSP00000324890,9606.ENSP00000327513,9606.ENSP00000332049,9606.ENSP00000351497,9606.ENSP00000354566,9606.ENSP00000358165	TBX21,CD27,CD28,CSF1,CD86,FCGR2B,CD3E,FCGR1A
GO Process	GO:0050670	Regulation of lymphocyte proliferation	4	242	1.4	1.01	0.0033	9606.ENSP00000324890,9606.ENSP00000332049,9606.ENSP00000351497,9606.ENSP00000354566	CD28,CD86,FCGR2B,CD3E
GO Process	GO:0050870	Positive regulation of T cell activation	4	251	1.38	0.99	0.0036	9606.ENSP00000266557,9606.ENSP00000324890,9606.ENSP00000332049,9606.ENSP00000354566	CD27,CD28,CD86,CD3E
GO Process	GO:0051240	Positive regulation of multicellular organismal process	7	1505	0.85	0.64	0.0036	9606.ENSP00000177694,9606.ENSP00000266557,9606.ENSP00000324890,9606.ENSP00000327513,9606.ENSP00000332049,9606.ENSP00000354566,9606.ENSP00000358490	TBX21,CD27,CD28,CSF1,CD86,CD3E,CD2
GO Process	GO:0002699	Positive regulation of immune effector process	4	264	1.36	0.96	0.0043	9606.ENSP00000177694,9606.ENSP00000324890,9606.ENSP00000332049,9606.ENSP00000358165	TBX21,CD28,CD86,FCGR1A
GO Process	GO:0035739	CD4-positive, alpha-beta T cell proliferation	2	9	2.53	1.23	0.0043	9606.ENSP00000324890,9606.ENSP00000354566	CD28,CD3E
GO Process	GO:1902533	Positive regulation of intracellular signal transduction	6	997	0.96	0.71	0.0043	9606.ENSP00000266557,9606.ENSP00000324890,9606.ENSP00000327513,9606.ENSP00000332049,9606.ENSP00000351497,9606.ENSP00000354566	CD27,CD28,CSF1,CD86,FCGR2B,CD3E
GO Process	GO:0030098	Lymphocyte differentiation	4	279	1.34	0.93	0.0049	9606.ENSP00000177694,9606.ENSP00000324890,9606.ENSP00000351497,9606.ENSP00000354566	TBX21,CD28,FCGR2B,CD3E
GO Process	GO:0048304	Positive regulation of isotype switching to IgG isotypes	2	10	2.48	1.2	0.0049	9606.ENSP00000177694,9606.ENSP00000324890	TBX21,CD28
GO Process	GO:2000563	Positive regulation of CD4-positive, alpha-beta T cell proliferation	2	10	2.48	1.2	0.0049	9606.ENSP00000324890,9606.ENSP00000354566	CD28,CD3E
GO Process	GO:0050871	Positive regulation of B cell activation	3	92	1.69	1.06	0.0054	9606.ENSP00000177694,9606.ENSP00000266557,9606.ENSP00000324890	TBX21,CD27,CD28
GO Process	GO:0045060	Negative thymic T cell selection	2	11	2.44	1.16	0.0056	9606.ENSP00000324890,9606.ENSP00000354566	CD28,CD3E
GO Process	GO:0016064	Immunoglobulin mediated immune response	3	95	1.68	1.04	0.0058	9606.ENSP00000266557,9606.ENSP00000351497,9606.ENSP00000358165	CD27,FCGR2B,FCGR1A
GO Process	GO:0042110	T cell activation	4	298	1.31	0.89	0.0060	9606.ENSP00000177694,9606.ENSP00000324890,9606.ENSP00000354566,9606.ENSP00000358490	TBX21,CD28,CD3E,CD2
GO Process	GO:0002863	Positive regulation of inflammatory response to antigenic stimulus	2	13	2.37	1.11	0.0069	9606.ENSP00000324890,9606.ENSP00000358165	CD28,FCGR1A
GO Process	GO:0010628	Positive regulation of gene expression	6	1146	0.9	0.62	0.0076	9606.ENSP00000177694,9606.ENSP00000324890,9606.ENSP00000327513,9606.ENSP00000332049,9606.ENSP00000354566,9606.ENSP00000358490	TBX21,CD28,CSF1,CD86,CD3E,CD2
GO Process	GO:0042102	Positive regulation of T cell proliferation	3	108	1.62	0.97	0.0076	9606.ENSP00000324890,9606.ENSP00000332049,9606.ENSP00000354566	CD28,CD86,CD3E
GO Process	GO:0050868	Negative regulation of T cell activation	3	129	1.55	0.88	0.0117	9606.ENSP00000177694,9606.ENSP00000332049,9606.ENSP00000351497	TBX21,CD86,FCGR2B
GO Process	GO:0051239	Regulation of multicellular organismal process	8	2749	0.64	0.44	0.0135	9606.ENSP00000177694,9606.ENSP00000266557,9606.ENSP00000324890,9606.ENSP00000327513,9606.ENSP00000332049,9606.ENSP00000351497,9606.ENSP00000354566,9606.ENSP00000358490	TBX21,CD27,CD28,CSF1,CD86,FCGR2B,CD3E,CD2
GO Process	GO:0070661	Leukocyte proliferation	3	146	1.49	0.81	0.0156	9606.ENSP00000324890,9606.ENSP00000327513,9606.ENSP00000354566	CD28,CSF1,CD3E
GO Process	GO:0050896	Response to stimulus	12	7835	0.37	0.29	0.0173	9606.ENSP00000177694,9606.ENSP00000228434,9606.ENSP00000266557,9606.ENSP00000271450,9606.ENSP00000324890,9606.ENSP00000327513,9606.ENSP00000332049,9606.ENSP00000351497,9606.ENSP00000354566,9606.ENSP00000358165,9606.ENSP00000358490,9606.ENSP00000398568	TBX21,CD69,CD27,FCGR2A,CD28,CSF1,CD86,FCGR2B,CD3E,FCGR1A,CD2,PRF1
GO Process	GO:0051716	Cellular response to stimulus	11	6357	0.42	0.31	0.0203	9606.ENSP00000177694,9606.ENSP00000228434,9606.ENSP00000266557,9606.ENSP00000271450,9606.ENSP00000324890,9606.ENSP00000327513,9606.ENSP00000332049,9606.ENSP00000351497,9606.ENSP00000354566,9606.ENSP00000358165,9606.ENSP00000358490	TBX21,CD69,CD27,FCGR2A,CD28,CSF1,CD86,FCGR2B,CD3E,FCGR1A,CD2
GO Process	GO:0002710	Negative regulation of T cell mediated immunity	2	27	2.05	0.85	0.0211	9606.ENSP00000177694,9606.ENSP00000351497	TBX21,FCGR2B
GO Process	GO:0048583	Regulation of response to stimulus	9	3931	0.54	0.36	0.0213	9606.ENSP00000177694,9606.ENSP00000266557,9606.ENSP00000271450,9606.ENSP00000324890,9606.ENSP00000327513,9606.ENSP00000332049,9606.ENSP00000351497,9606.ENSP00000354566,9606.ENSP00000358165	TBX21,CD27,FCGR2A,CD28,CSF1,CD86,FCGR2B,CD3E,FCGR1A
GO Process	GO:0043368	Positive T cell selection	2	30	2.0	0.82	0.0243	9606.ENSP00000177694,9606.ENSP00000354566	TBX21,CD3E
GO Process	GO:1902107	Positive regulation of leukocyte differentiation	3	181	1.4	0.7	0.0262	9606.ENSP00000266557,9606.ENSP00000327513,9606.ENSP00000332049	CD27,CSF1,CD86
GO Process	GO:0002828	Regulation of type 2 immune response	2	33	1.96	0.78	0.0281	9606.ENSP00000177694,9606.ENSP00000332049	TBX21,CD86
GO Process	GO:0002429	Immune response-activating cell surface receptor signaling pathway	3	197	1.36	0.66	0.0317	9606.ENSP00000324890,9606.ENSP00000351497,9606.ENSP00000354566	CD28,FCGR2B,CD3E
GO Process	GO:0002478	Antigen processing and presentation of exogenous peptide antigen	2	39	1.89	0.72	0.0366	9606.ENSP00000351497,9606.ENSP00000358165	FCGR2B,FCGR1A
GO Process	GO:0010941	Regulation of cell death	6	1651	0.74	0.42	0.0400	9606.ENSP00000266557,9606.ENSP00000324890,9606.ENSP00000327513,9606.ENSP00000351497,9606.ENSP00000354566,9606.ENSP00000398568	CD27,CD28,CSF1,FCGR2B,CD3E,PRF1
GO Process	GO:0006915	Apoptotic process	5	1041	0.86	0.47	0.0413	9606.ENSP00000266557,9606.ENSP00000324890,9606.ENSP00000354566,9606.ENSP00000358490,9606.ENSP00000398568	CD27,CD28,CD3E,CD2,PRF1
GO Process	GO:0045622	Regulation of T-helper cell differentiation	2	42	1.86	0.69	0.0413	9606.ENSP00000177694,9606.ENSP00000332049	TBX21,CD86
GO Process	GO:0048522	Positive regulation of cellular process	10	5584	0.43	0.29	0.0430	9606.ENSP00000177694,9606.ENSP00000266557,9606.ENSP00000324890,9606.ENSP00000327513,9606.ENSP00000332049,9606.ENSP00000351497,9606.ENSP00000354566,9606.ENSP00000358165,9606.ENSP00000358490,9606.ENSP00000398568	TBX21,CD27,CD28,CSF1,CD86,FCGR2B,CD3E,FCGR1A,CD2,PRF1
GO Process	GO:0002701	Negative regulation of production of molecular mediator of immune response	2	47	1.81	0.66	0.0485	9606.ENSP00000177694,9606.ENSP00000351497	TBX21,FCGR2B
GO Function	GO:0019864	IgG binding	3	10	2.66	1.89	0.00022	9606.ENSP00000271450,9606.ENSP00000351497,9606.ENSP00000358165	FCGR2A,FCGR2B,FCGR1A
GO Function	GO:0038023	Signaling receptor activity	9	1489	0.96	0.88	0.00022	9606.ENSP00000228434,9606.ENSP00000266557,9606.ENSP00000271450,9606.ENSP00000324890,9606.ENSP00000332049,9606.ENSP00000351497,9606.ENSP00000354566,9606.ENSP00000358165,9606.ENSP00000358490	CD69,CD27,FCGR2A,CD28,CD86,FCGR2B,CD3E,FCGR1A,CD2
GO Function	GO:0019770	IgG receptor activity	2	3	3.0	1.26	0.0040	9606.ENSP00000351497,9606.ENSP00000358165	FCGR2B,FCGR1A
GO Component	GO:0009897	External side of plasma membrane	8	388	1.49	2.26	5.97e-08	9606.ENSP00000228434,9606.ENSP00000266557,9606.ENSP00000324890,9606.ENSP00000332049,9606.ENSP00000351497,9606.ENSP00000354566,9606.ENSP00000358165,9606.ENSP00000358490	CD69,CD27,CD28,CD86,FCGR2B,CD3E,FCGR1A,CD2
GO Component	GO:0005887	Integral component of plasma membrane	9	1706	0.9	0.86	7.41e-05	9606.ENSP00000228434,9606.ENSP00000266557,9606.ENSP00000271450,9606.ENSP00000324890,9606.ENSP00000351497,9606.ENSP00000354566,9606.ENSP00000358165,9606.ENSP00000358490,9606.ENSP00000498227	CD69,CD27,FCGR2A,CD28,FCGR2B,CD3E,FCGR1A,CD2,SELL
GO Component	GO:0005886	Plasma membrane	12	5544	0.52	0.43	0.00082	9606.ENSP00000228434,9606.ENSP00000266557,9606.ENSP00000271450,9606.ENSP00000324890,9606.ENSP00000327513,9606.ENSP00000332049,9606.ENSP00000351497,9606.ENSP00000354566,9606.ENSP00000358165,9606.ENSP00000358490,9606.ENSP00000398568,9606.ENSP00000498227	CD69,CD27,FCGR2A,CD28,CSF1,CD86,FCGR2B,CD3E,FCGR1A,CD2,PRF1,SELL
GO Component	GO:0016021	Integral component of membrane	12	5670	0.51	0.42	0.00091	9606.ENSP00000228434,9606.ENSP00000266557,9606.ENSP00000271450,9606.ENSP00000324890,9606.ENSP00000327513,9606.ENSP00000332049,9606.ENSP00000351497,9606.ENSP00000354566,9606.ENSP00000358165,9606.ENSP00000358490,9606.ENSP00000398568,9606.ENSP00000498227	CD69,CD27,FCGR2A,CD28,CSF1,CD86,FCGR2B,CD3E,FCGR1A,CD2,PRF1,SELL
STRING clusters	CL:15535	Mixed, incl. Chemokine-mediated signaling pathway, and Adaptive immunity	7	185	1.76	2.79	5.57e-08	9606.ENSP00000228434,9606.ENSP00000266557,9606.ENSP00000324890,9606.ENSP00000332049,9606.ENSP00000354566,9606.ENSP00000358490,9606.ENSP00000498227	CD69,CD27,CD28,CD86,CD3E,CD2,SELL
STRING clusters	CL:15537	Mixed, incl. Adaptive immunity, and T cell modulation in pancreatic cancer	6	98	1.97	3.07	7.10e-08	9606.ENSP00000228434,9606.ENSP00000266557,9606.ENSP00000324890,9606.ENSP00000332049,9606.ENSP00000354566,9606.ENSP00000358490	CD69,CD27,CD28,CD86,CD3E,CD2
STRING clusters	CL:15538	Mixed, incl. Adaptive immunity, and TNFs bind their physiological receptors	5	93	1.91	2.39	3.91e-06	9606.ENSP00000266557,9606.ENSP00000324890,9606.ENSP00000332049,9606.ENSP00000354566,9606.ENSP00000358490	CD27,CD28,CD86,CD3E,CD2
STRING clusters	CL:15627	Mixed, incl. Tumour necrosis factor, conserved site, and ICOS V-set domain	3	13	2.54	2.03	0.00011	9606.ENSP00000266557,9606.ENSP00000324890,9606.ENSP00000332049	CD27,CD28,CD86
STRING clusters	CL:15539	Mixed, incl. T cell modulation in pancreatic cancer, and non-Langerhans-cell histiocytosis	4	80	1.88	1.75	0.00016	9606.ENSP00000266557,9606.ENSP00000324890,9606.ENSP00000332049,9606.ENSP00000354566	CD27,CD28,CD86,CD3E
STRING clusters	CL:15629	Mixed, incl. ICOS V-set domain, and Immunodeficiency 16	2	8	2.58	1.09	0.0082	9606.ENSP00000324890,9606.ENSP00000332049	CD28,CD86
KEGG	hsa04380	Osteoclast differentiation	4	120	1.7	1.7	0.00011	9606.ENSP00000271450,9606.ENSP00000327513,9606.ENSP00000351497,9606.ENSP00000358165	FCGR2A,CSF1,FCGR2B,FCGR1A
KEGG	hsa04640	Hematopoietic cell lineage	4	90	1.83	1.78	0.00011	9606.ENSP00000327513,9606.ENSP00000354566,9606.ENSP00000358165,9606.ENSP00000358490	CSF1,CD3E,FCGR1A,CD2
KEGG	hsa05322	Systemic lupus erythematosus	4	94	1.81	1.77	0.00011	9606.ENSP00000271450,9606.ENSP00000324890,9606.ENSP00000332049,9606.ENSP00000358165	FCGR2A,CD28,CD86,FCGR1A
KEGG	hsa04514	Cell adhesion molecules	4	138	1.64	1.62	0.00014	9606.ENSP00000324890,9606.ENSP00000332049,9606.ENSP00000358490,9606.ENSP00000498227	CD28,CD86,CD2,SELL
KEGG	hsa04940	Type I diabetes mellitus	3	38	2.08	1.86	0.00014	9606.ENSP00000324890,9606.ENSP00000332049,9606.ENSP00000398568	CD28,CD86,PRF1
KEGG	hsa05330	Allograft rejection	3	34	2.13	1.88	0.00014	9606.ENSP00000324890,9606.ENSP00000332049,9606.ENSP00000398568	CD28,CD86,PRF1
KEGG	hsa05332	Graft-versus-host disease	3	36	2.1	1.87	0.00014	9606.ENSP00000324890,9606.ENSP00000332049,9606.ENSP00000398568	CD28,CD86,PRF1
KEGG	hsa05320	Autoimmune thyroid disease	3	48	1.98	1.76	0.00019	9606.ENSP00000324890,9606.ENSP00000332049,9606.ENSP00000398568	CD28,CD86,PRF1
KEGG	hsa05416	Viral myocarditis	3	55	1.92	1.69	0.00025	9606.ENSP00000324890,9606.ENSP00000332049,9606.ENSP00000398568	CD28,CD86,PRF1
KEGG	hsa05150	Staphylococcus aureus infection	3	86	1.72	1.41	0.00075	9606.ENSP00000271450,9606.ENSP00000351497,9606.ENSP00000358165	FCGR2A,FCGR2B,FCGR1A
KEGG	hsa05323	Rheumatoid arthritis	3	83	1.74	1.41	0.00075	9606.ENSP00000324890,9606.ENSP00000327513,9606.ENSP00000332049	CD28,CSF1,CD86
KEGG	hsa04666	Fc gamma R-mediated phagocytosis	3	90	1.7	1.39	0.00079	9606.ENSP00000271450,9606.ENSP00000351497,9606.ENSP00000358165	FCGR2A,FCGR2B,FCGR1A
KEGG	hsa04145	Phagosome	3	141	1.51	1.11	0.0025	9606.ENSP00000271450,9606.ENSP00000351497,9606.ENSP00000358165	FCGR2A,FCGR2B,FCGR1A
KEGG	hsa05162	Measles	3	137	1.52	1.12	0.0025	9606.ENSP00000324890,9606.ENSP00000351497,9606.ENSP00000354566	CD28,FCGR2B,CD3E
KEGG	hsa05152	Tuberculosis	3	165	1.44	1.02	0.0037	9606.ENSP00000271450,9606.ENSP00000351497,9606.ENSP00000358165	FCGR2A,FCGR2B,FCGR1A
KEGG	hsa04672	Intestinal immune network for IgA production	2	43	1.85	1.01	0.0082	9606.ENSP00000324890,9606.ENSP00000332049	CD28,CD86
KEGG	hsa05140	Leishmaniasis	2	69	1.64	0.81	0.0192	9606.ENSP00000271450,9606.ENSP00000358165	FCGR2A,FCGR1A
KEGG	hsa04658	Th1 and Th2 cell differentiation	2	85	1.55	0.73	0.0272	9606.ENSP00000177694,9606.ENSP00000354566	TBX21,CD3E
KEGG	hsa05235	PD-L1 expression and PD-1 checkpoint pathway in cancer	2	87	1.54	0.73	0.0272	9606.ENSP00000324890,9606.ENSP00000354566	CD28,CD3E
KEGG	hsa04659	Th17 cell differentiation	2	99	1.49	0.69	0.0328	9606.ENSP00000177694,9606.ENSP00000354566	TBX21,CD3E
KEGG	hsa04660	T cell receptor signaling pathway	2	100	1.48	0.69	0.0328	9606.ENSP00000324890,9606.ENSP00000354566	CD28,CD3E
Reactome	HSA-168256	Immune System	9	1979	0.84	0.68	0.0012	9606.ENSP00000266557,9606.ENSP00000271450,9606.ENSP00000324890,9606.ENSP00000327513,9606.ENSP00000332049,9606.ENSP00000351497,9606.ENSP00000354566,9606.ENSP00000358165,9606.ENSP00000498227	CD27,FCGR2A,CD28,CSF1,CD86,FCGR2B,CD3E,FCGR1A,SELL
Reactome	HSA-198933	Immunoregulatory interactions between a Lymphoid and a non-Lymphoid cell	4	130	1.67	1.25	0.0016	9606.ENSP00000351497,9606.ENSP00000354566,9606.ENSP00000358165,9606.ENSP00000498227	FCGR2B,CD3E,FCGR1A,SELL
Reactome	HSA-1280218	Adaptive Immune System	6	758	1.08	0.81	0.0034	9606.ENSP00000324890,9606.ENSP00000332049,9606.ENSP00000351497,9606.ENSP00000354566,9606.ENSP00000358165,9606.ENSP00000498227	CD28,CD86,FCGR2B,CD3E,FCGR1A,SELL
Reactome	HSA-388841	Costimulation by the CD28 family	3	66	1.84	1.06	0.0065	9606.ENSP00000324890,9606.ENSP00000332049,9606.ENSP00000354566	CD28,CD86,CD3E
Reactome	HSA-389359	CD28 dependent Vav1 pathway	2	12	2.4	0.92	0.0166	9606.ENSP00000324890,9606.ENSP00000332049	CD28,CD86
Reactome	HSA-2029481	FCGR activation	2	15	2.31	0.87	0.0207	9606.ENSP00000271450,9606.ENSP00000358165	FCGR2A,FCGR1A
Reactome	HSA-389357	CD28 dependent PI3K/Akt signaling	2	22	2.14	0.74	0.0358	9606.ENSP00000324890,9606.ENSP00000332049	CD28,CD86
Reactome	HSA-2029485	Role of phospholipids in phagocytosis	2	28	2.03	0.67	0.0493	9606.ENSP00000271450,9606.ENSP00000358165	FCGR2A,FCGR1A
WikiPathways	WP2328	Allograft rejection	3	88	1.71	0.92	0.0115	9606.ENSP00000324890,9606.ENSP00000332049,9606.ENSP00000398568	CD28,CD86,PRF1
WikiPathways	WP4484	Control of immune tolerance by vasoactive intestinal peptide	2	13	2.37	1.0	0.0115	9606.ENSP00000324890,9606.ENSP00000332049	CD28,CD86
WikiPathways	WP4582	Cancer immunotherapy by CTLA4 blockade	2	14	2.34	1.0	0.0115	9606.ENSP00000324890,9606.ENSP00000332049	CD28,CD86
WikiPathways	WP4630	Measles virus infection	3	135	1.53	0.88	0.0115	9606.ENSP00000324890,9606.ENSP00000351497,9606.ENSP00000354566	CD28,FCGR2B,CD3E
WikiPathways	WP4884	Pathogenesis of SARS-CoV-2 mediated by nsp9-nsp10 complex	2	21	2.16	0.99	0.0115	9606.ENSP00000354566,9606.ENSP00000358490	CD3E,CD2
WikiPathways	WP5063	FOXP3 in COVID-19	2	15	2.31	1.0	0.0115	9606.ENSP00000324890,9606.ENSP00000332049	CD28,CD86
WikiPathways	WP5098	T-cell activation SARS-CoV-2	3	88	1.71	0.92	0.0115	9606.ENSP00000324890,9606.ENSP00000332049,9606.ENSP00000354566	CD28,CD86,CD3E
WikiPathways	WP5218	Extrafollicular and follicular B cell activation by SARS-CoV-2	3	72	1.8	0.94	0.0115	9606.ENSP00000177694,9606.ENSP00000228434,9606.ENSP00000498227	TBX21,CD69,SELL
WikiPathways	WP5284	Cell interactions of the pancreatic cancer microenvironment	2	25	2.08	0.97	0.0121	9606.ENSP00000327513,9606.ENSP00000332049	CSF1,CD86
WikiPathways	WP453	Inflammatory response pathway	2	30	2.0	0.91	0.0154	9606.ENSP00000324890,9606.ENSP00000332049	CD28,CD86
WikiPathways	WP5088	Prostaglandin signaling	2	32	1.98	0.9	0.0158	9606.ENSP00000324890,9606.ENSP00000327513	CD28,CSF1
WikiPathways	WP5078	T cell modulation in pancreatic cancer	2	45	1.83	0.77	0.0278	9606.ENSP00000324890,9606.ENSP00000332049	CD28,CD86
WikiPathways	WP286	IL-3 signaling pathway	2	49	1.79	0.75	0.0302	9606.ENSP00000228434,9606.ENSP00000332049	CD69,CD86
WikiPathways	WP5072	Modulators of TCR signaling and T cell activation	2	61	1.7	0.67	0.0428	9606.ENSP00000324890,9606.ENSP00000354566	CD28,CD3E
Monarch	EFO:0004308	Leukocyte count	10	2057	0.87	0.75	0.00041	9606.ENSP00000177694,9606.ENSP00000228434,9606.ENSP00000271450,9606.ENSP00000324890,9606.ENSP00000327513,9606.ENSP00000332049,9606.ENSP00000351497,9606.ENSP00000358165,9606.ENSP00000398568,9606.ENSP00000498227	TBX21,CD69,FCGR2A,CD28,CSF1,CD86,FCGR2B,FCGR1A,PRF1,SELL
Monarch	EFO:0007988	Myeloid white cell count	7	1390	0.88	0.47	0.0422	9606.ENSP00000177694,9606.ENSP00000228434,9606.ENSP00000271450,9606.ENSP00000324890,9606.ENSP00000327513,9606.ENSP00000332049,9606.ENSP00000498227	TBX21,CD69,FCGR2A,CD28,CSF1,CD86,SELL
DISEASES	DOID:7148	Rheumatoid arthritis	4	74	1.91	1.49	0.00073	9606.ENSP00000271450,9606.ENSP00000324890,9606.ENSP00000351497,9606.ENSP00000358490	FCGR2A,CD28,FCGR2B,CD2
DISEASES	DOID:2914	Immune system disease	6	675	1.13	0.87	0.0027	9606.ENSP00000266557,9606.ENSP00000271450,9606.ENSP00000324890,9606.ENSP00000351497,9606.ENSP00000358490,9606.ENSP00000398568	CD27,FCGR2A,CD28,FCGR2B,CD2,PRF1
DISEASES	DOID:612	Primary immunodeficiency disease	5	470	1.21	0.82	0.0068	9606.ENSP00000266557,9606.ENSP00000271450,9606.ENSP00000324890,9606.ENSP00000351497,9606.ENSP00000358490	CD27,FCGR2A,CD28,FCGR2B,CD2
DISEASES	DOID:0080001	Bone disease	5	540	1.15	0.73	0.0111	9606.ENSP00000271450,9606.ENSP00000324890,9606.ENSP00000327513,9606.ENSP00000351497,9606.ENSP00000358490	FCGR2A,CD28,CSF1,FCGR2B,CD2
TISSUES	BTO:0002417	Helper T-lymphocyte	6	28	2.51	4.92	6.82e-11	9606.ENSP00000177694,9606.ENSP00000228434,9606.ENSP00000266557,9606.ENSP00000324890,9606.ENSP00000398568,9606.ENSP00000498227	TBX21,CD69,CD27,CD28,PRF1,SELL
TISSUES	BTO:0000089	Blood	12	1824	1.0	1.26	5.95e-09	9606.ENSP00000177694,9606.ENSP00000228434,9606.ENSP00000266557,9606.ENSP00000271450,9606.ENSP00000324890,9606.ENSP00000327513,9606.ENSP00000332049,9606.ENSP00000351497,9606.ENSP00000354566,9606.ENSP00000358165,9606.ENSP00000398568,9606.ENSP00000498227	TBX21,CD69,CD27,FCGR2A,CD28,CSF1,CD86,FCGR2B,CD3E,FCGR1A,PRF1,SELL
TISSUES	BTO:0000289	Cytotoxic T-lymphocyte	5	25	2.48	4.03	5.95e-09	9606.ENSP00000228434,9606.ENSP00000266557,9606.ENSP00000324890,9606.ENSP00000398568,9606.ENSP00000498227	CD69,CD27,CD28,PRF1,SELL
TISSUES	BTO:0000570	Hematopoietic system	13	2755	0.85	0.98	5.95e-09	9606.ENSP00000177694,9606.ENSP00000228434,9606.ENSP00000266557,9606.ENSP00000271450,9606.ENSP00000324890,9606.ENSP00000327513,9606.ENSP00000332049,9606.ENSP00000351497,9606.ENSP00000354566,9606.ENSP00000358165,9606.ENSP00000358490,9606.ENSP00000398568,9606.ENSP00000498227	TBX21,CD69,CD27,FCGR2A,CD28,CSF1,CD86,FCGR2B,CD3E,FCGR1A,CD2,PRF1,SELL
TISSUES	BTO:0000753	Lymphoid tissue	11	1600	1.02	1.26	2.85e-08	9606.ENSP00000177694,9606.ENSP00000228434,9606.ENSP00000266557,9606.ENSP00000324890,9606.ENSP00000327513,9606.ENSP00000332049,9606.ENSP00000351497,9606.ENSP00000354566,9606.ENSP00000358490,9606.ENSP00000398568,9606.ENSP00000498227	TBX21,CD69,CD27,CD28,CSF1,CD86,FCGR2B,CD3E,CD2,PRF1,SELL
TISSUES	BTO:0000775	Lymphocyte	9	698	1.29	1.85	2.85e-08	9606.ENSP00000177694,9606.ENSP00000228434,9606.ENSP00000266557,9606.ENSP00000324890,9606.ENSP00000327513,9606.ENSP00000332049,9606.ENSP00000351497,9606.ENSP00000398568,9606.ENSP00000498227	TBX21,CD69,CD27,CD28,CSF1,CD86,FCGR2B,PRF1,SELL
TISSUES	BTO:0000782	T-lymphocyte	7	279	1.58	2.45	5.40e-08	9606.ENSP00000177694,9606.ENSP00000228434,9606.ENSP00000266557,9606.ENSP00000324890,9606.ENSP00000332049,9606.ENSP00000398568,9606.ENSP00000498227	TBX21,CD69,CD27,CD28,CD86,PRF1,SELL
TISSUES	BTO:0003435	Memory T-lymphocyte	4	12	2.7	3.69	5.40e-08	9606.ENSP00000228434,9606.ENSP00000266557,9606.ENSP00000324890,9606.ENSP00000498227	CD69,CD27,CD28,SELL
TISSUES	BTO:0005871	Naive T-lymphocyte	3	13	2.54	2.36	2.33e-05	9606.ENSP00000324890,9606.ENSP00000332049,9606.ENSP00000498227	CD28,CD86,SELL
TISSUES	BTO:0000914	Natural killer cell	3	62	1.87	1.32	0.0017	9606.ENSP00000177694,9606.ENSP00000228434,9606.ENSP00000398568	TBX21,CD69,PRF1
TISSUES	BTO:0003505	T-cell chronic lymphocytic leukemia cell	2	21	2.16	0.94	0.0144	9606.ENSP00000324890,9606.ENSP00000498227	CD28,SELL
TISSUES	BTO:0001281	Spleen	4	540	1.05	0.52	0.0453	9606.ENSP00000332049,9606.ENSP00000358490,9606.ENSP00000398568,9606.ENSP00000498227	CD86,CD2,PRF1,SELL
COMPARTMENTS	GOCC:0032997	Fc receptor complex	3	10	2.66	1.97	0.00015	9606.ENSP00000271450,9606.ENSP00000351497,9606.ENSP00000358165	FCGR2A,FCGR2B,FCGR1A
COMPARTMENTS	GOCC:0005886	Plasma membrane	11	3535	0.67	0.58	0.00028	9606.ENSP00000228434,9606.ENSP00000266557,9606.ENSP00000271450,9606.ENSP00000324890,9606.ENSP00000327513,9606.ENSP00000332049,9606.ENSP00000351497,9606.ENSP00000354566,9606.ENSP00000358165,9606.ENSP00000358490,9606.ENSP00000498227	CD69,CD27,FCGR2A,CD28,CSF1,CD86,FCGR2B,CD3E,FCGR1A,CD2,SELL
COMPARTMENTS	GOCC:0005887	Integral component of plasma membrane	7	792	1.13	1.05	0.00028	9606.ENSP00000228434,9606.ENSP00000266557,9606.ENSP00000324890,9606.ENSP00000351497,9606.ENSP00000354566,9606.ENSP00000358490,9606.ENSP00000498227	CD69,CD27,CD28,FCGR2B,CD3E,CD2,SELL
COMPARTMENTS	GOCC:0016021	Integral component of membrane	8	1507	0.91	0.79	0.00042	9606.ENSP00000228434,9606.ENSP00000266557,9606.ENSP00000324890,9606.ENSP00000351497,9606.ENSP00000354566,9606.ENSP00000358490,9606.ENSP00000398568,9606.ENSP00000498227	CD69,CD27,CD28,FCGR2B,CD3E,CD2,PRF1,SELL
COMPARTMENTS	GOCC:0033000	Fc-gamma receptor I complex	2	2	3.18	1.66	0.00069	9606.ENSP00000271450,9606.ENSP00000358165	FCGR2A,FCGR1A
COMPARTMENTS	GOCC:0098797	Plasma membrane protein complex	6	682	1.12	0.98	0.00069	9606.ENSP00000266557,9606.ENSP00000271450,9606.ENSP00000324890,9606.ENSP00000351497,9606.ENSP00000354566,9606.ENSP00000358165	CD27,FCGR2A,CD28,FCGR2B,CD3E,FCGR1A
COMPARTMENTS	GOCC:0016020	Membrane	12	5715	0.5	0.42	0.00079	9606.ENSP00000228434,9606.ENSP00000266557,9606.ENSP00000271450,9606.ENSP00000324890,9606.ENSP00000327513,9606.ENSP00000332049,9606.ENSP00000351497,9606.ENSP00000354566,9606.ENSP00000358165,9606.ENSP00000358490,9606.ENSP00000398568,9606.ENSP00000498227	CD69,CD27,FCGR2A,CD28,CSF1,CD86,FCGR2B,CD3E,FCGR1A,CD2,PRF1,SELL
COMPARTMENTS	GOCC:0009986	Cell surface	5	438	1.24	1.02	0.0013	9606.ENSP00000228434,9606.ENSP00000324890,9606.ENSP00000332049,9606.ENSP00000354566,9606.ENSP00000358490	CD69,CD28,CD86,CD3E,CD2
COMPARTMENTS	GOCC:0009897	External side of plasma membrane	3	102	1.65	0.98	0.0077	9606.ENSP00000324890,9606.ENSP00000354566,9606.ENSP00000358490	CD28,CD3E,CD2
COMPARTMENTS	GOCC:0042101	T cell receptor complex	2	15	2.31	1.04	0.0096	9606.ENSP00000324890,9606.ENSP00000354566	CD28,CD3E
UniProt Keywords	KW-0393	Immunoglobulin domain	7	463	1.36	1.67	4.21e-06	9606.ENSP00000271450,9606.ENSP00000324890,9606.ENSP00000332049,9606.ENSP00000351497,9606.ENSP00000354566,9606.ENSP00000358165,9606.ENSP00000358490	FCGR2A,CD28,CD86,FCGR2B,CD3E,FCGR1A,CD2
UniProt Keywords	KW-1015	Disulfide bond	12	3338	0.74	0.72	4.21e-06	9606.ENSP00000228434,9606.ENSP00000266557,9606.ENSP00000271450,9606.ENSP00000324890,9606.ENSP00000327513,9606.ENSP00000332049,9606.ENSP00000351497,9606.ENSP00000354566,9606.ENSP00000358165,9606.ENSP00000358490,9606.ENSP00000398568,9606.ENSP00000498227	CD69,CD27,FCGR2A,CD28,CSF1,CD86,FCGR2B,CD3E,FCGR1A,CD2,PRF1,SELL
UniProt Keywords	KW-0390	IgG-binding protein	3	7	2.81	2.7	6.01e-06	9606.ENSP00000271450,9606.ENSP00000351497,9606.ENSP00000358165	FCGR2A,FCGR2B,FCGR1A
UniProt Keywords	KW-0732	Signal	11	3277	0.71	0.66	2.58e-05	9606.ENSP00000266557,9606.ENSP00000271450,9606.ENSP00000324890,9606.ENSP00000327513,9606.ENSP00000332049,9606.ENSP00000351497,9606.ENSP00000354566,9606.ENSP00000358165,9606.ENSP00000358490,9606.ENSP00000398568,9606.ENSP00000498227	CD27,FCGR2A,CD28,CSF1,CD86,FCGR2B,CD3E,FCGR1A,CD2,PRF1,SELL
UniProt Keywords	KW-0812	Transmembrane	12	5067	0.55	0.49	0.00011	9606.ENSP00000228434,9606.ENSP00000266557,9606.ENSP00000271450,9606.ENSP00000324890,9606.ENSP00000327513,9606.ENSP00000332049,9606.ENSP00000351497,9606.ENSP00000354566,9606.ENSP00000358165,9606.ENSP00000358490,9606.ENSP00000398568,9606.ENSP00000498227	CD69,CD27,FCGR2A,CD28,CSF1,CD86,FCGR2B,CD3E,FCGR1A,CD2,PRF1,SELL
UniProt Keywords	KW-0325	Glycoprotein	11	4386	0.58	0.49	0.00037	9606.ENSP00000228434,9606.ENSP00000266557,9606.ENSP00000271450,9606.ENSP00000324890,9606.ENSP00000327513,9606.ENSP00000332049,9606.ENSP00000351497,9606.ENSP00000358165,9606.ENSP00000358490,9606.ENSP00000398568,9606.ENSP00000498227	CD69,CD27,FCGR2A,CD28,CSF1,CD86,FCGR2B,FCGR1A,CD2,PRF1,SELL
UniProt Keywords	KW-0391	Immunity	5	537	1.15	0.94	0.0014	9606.ENSP00000271450,9606.ENSP00000327513,9606.ENSP00000332049,9606.ENSP00000354566,9606.ENSP00000358165	FCGR2A,CSF1,CD86,CD3E,FCGR1A
UniProt Keywords	KW-1133	Transmembrane helix	11	5040	0.52	0.42	0.0014	9606.ENSP00000228434,9606.ENSP00000266557,9606.ENSP00000271450,9606.ENSP00000324890,9606.ENSP00000327513,9606.ENSP00000332049,9606.ENSP00000351497,9606.ENSP00000354566,9606.ENSP00000358165,9606.ENSP00000358490,9606.ENSP00000498227	CD69,CD27,FCGR2A,CD28,CSF1,CD86,FCGR2B,CD3E,FCGR1A,CD2,SELL
UniProt Keywords	KW-1003	Cell membrane	9	3277	0.62	0.48	0.0028	9606.ENSP00000271450,9606.ENSP00000327513,9606.ENSP00000332049,9606.ENSP00000351497,9606.ENSP00000354566,9606.ENSP00000358165,9606.ENSP00000358490,9606.ENSP00000398568,9606.ENSP00000498227	FCGR2A,CSF1,CD86,FCGR2B,CD3E,FCGR1A,CD2,PRF1,SELL
UniProt Keywords	KW-0675	Receptor	6	1427	0.8	0.55	0.0098	9606.ENSP00000266557,9606.ENSP00000271450,9606.ENSP00000332049,9606.ENSP00000351497,9606.ENSP00000354566,9606.ENSP00000358165	CD27,FCGR2A,CD86,FCGR2B,CD3E,FCGR1A
InterPro	IPR007110	Immunoglobulin-like domain	7	479	1.35	1.43	5.75e-05	9606.ENSP00000271450,9606.ENSP00000324890,9606.ENSP00000332049,9606.ENSP00000351497,9606.ENSP00000354566,9606.ENSP00000358165,9606.ENSP00000358490	FCGR2A,CD28,CD86,FCGR2B,CD3E,FCGR1A,CD2
InterPro	IPR036179	Immunoglobulin-like domain superfamily	7	490	1.34	1.42	5.75e-05	9606.ENSP00000271450,9606.ENSP00000324890,9606.ENSP00000332049,9606.ENSP00000351497,9606.ENSP00000354566,9606.ENSP00000358165,9606.ENSP00000358490	FCGR2A,CD28,CD86,FCGR2B,CD3E,FCGR1A,CD2
InterPro	IPR003599	Immunoglobulin subtype	6	411	1.34	1.26	0.00031	9606.ENSP00000271450,9606.ENSP00000324890,9606.ENSP00000332049,9606.ENSP00000351497,9606.ENSP00000358165,9606.ENSP00000358490	FCGR2A,CD28,CD86,FCGR2B,FCGR1A,CD2
InterPro	IPR013783	Immunoglobulin-like fold	7	732	1.16	1.08	0.00031	9606.ENSP00000271450,9606.ENSP00000324890,9606.ENSP00000332049,9606.ENSP00000351497,9606.ENSP00000354566,9606.ENSP00000358165,9606.ENSP00000358490	FCGR2A,CD28,CD86,FCGR2B,CD3E,FCGR1A,CD2
InterPro	IPR003598	Immunoglobulin subtype 2	4	239	1.4	0.74	0.0212	9606.ENSP00000271450,9606.ENSP00000351497,9606.ENSP00000354566,9606.ENSP00000358165	FCGR2A,FCGR2B,CD3E,FCGR1A
